metric_source,product,n_question_contexts,question_ids,n_current_source_files,n_baseline_source_files,prompt_sets,citation_rate,mean_ref_count,total_ref_count,mean_first_citation_score,mean_recommendation_rank_proxy,mean_rank_score_proxy,top1_cited_share,mean_feature_count,mean_feature_coverage,mean_tfidf_product_answer_similarity,mean_bigram_overlap_product_answer,mean_pais_product_answer_influence_score
one_product_current_focal_matched_questions,Away,20,"1,2,3,4,5,6,7,8,9,10,11,12,13,14,15,16,17,18,19,20",4,4,1-5;6-10;11-15;16-20,0.85,1.25,25,0.6224999999999999,2.35,0.73,0.5,4.95,0.26052631578947366,0.059769062784099825,0.0707812775695422,0.30334293401681267
one_product_current_focal_matched_questions,BR,20,"1,2,3,4,5,6,7,8,9,10,11,12,13,14,15,16,17,18,19,20",4,4,1-5;6-10;11-15;16-20,0.9,1.35,27,0.49630952380952376,2.75,0.65,0.3,4.65,0.24473684210526314,0.06408862670175659,0.17540184912011697,0.29983727589132625
one_product_current_focal_matched_questions,Century,20,"1,2,3,4,5,6,7,8,9,10,11,12,13,14,15,16,17,18,19,20",4,4,1-5;6-10;11-15;16-20,0.8,1.35,27,0.25720238095238096,4.05,0.39,0.1,3.35,0.1763157894736842,0.05310149330912306,0.03515018524498197,0.21509646053378492
one_product_current_focal_matched_questions,July,20,"1,2,3,4,5,6,7,8,9,10,11,12,13,14,15,16,17,18,19,20",4,4,1-5;6-10;11-15;16-20,0.9,1.2,24,0.5308333333333334,2.3,0.74,0.3,4.05,0.21315789473684207,0.06273902753719814,0.039088462507800105,0.26720932049764473
one_product_current_focal_matched_questions,Rimowa,20,"1,2,3,4,5,6,7,8,9,10,11,12,13,14,15,16,17,18,19,20",4,4,1-5;6-10;11-15;16-20,0.65,0.85,17,0.1649206349206349,4.85,0.22999999999999998,0.05,2.75,0.14473684210526314,0.038603443007573915,0.011172284623034542,0.14216136003348293
