product,current_over_old,geo_over_old,geo_over_current,current_minus_geo_old_effect,same_direction_old_baseline
Monos,0.2129121092022585,0.0759151061753372,-0.2133579151683798,0.1369970030269213,True
BÉIS,0.0775645936525961,0.007779268738459,-0.0006769262237999,0.06978532491413711,True
Travelpro,0.0642806422947052,0.0508482337313265,0.0211770737188435,0.013432408563378705,True
INUSA,0.0191762959905276,0.0106928970083579,-0.03803344548162,0.008483398982169701,True
Delsey,-0.0790127911488605,-0.1090623553900125,0.0110356818716288,0.030049564241151988,True
