product,current_over_old,geo_over_old,geo_over_current,product_label,cosine_alignment_current_vs_geo_over_old,sign_agreement_rate_current_vs_geo_over_old
monos,0.2129121092022585,0.0759151061753372,-0.2133579151683798,Monos,0.872856700587711,1.0
beis,0.0775645936525961,0.007779268738459,-0.0006769262237999,BÉIS,0.3294316631171524,0.8
travel,0.0642806422947052,0.0508482337313265,0.0211770737188435,Travelpro,0.8165438537903567,0.8
inusa,0.0191762959905276,0.0106928970083579,-0.03803344548162,INUSA,0.734385800392958,0.8
delsey,-0.0790083795160839,-0.1090623553900125,0.0110356818716288,Delsey,0.8787970965101046,0.8
