comparison,product,old_n_question_contexts,geo_n_question_contexts,old_citation_rate,geo_citation_rate,delta_citation_rate,old_mean_ref_count,geo_mean_ref_count,delta_mean_ref_count,old_first_citation_score,geo_first_citation_score,delta_first_citation_score,old_mean_recommendation_rank_proxy,geo_mean_recommendation_rank_proxy,rank_improvement_geo_minus_old,old_rank_score_proxy,geo_rank_score_proxy,delta_rank_score_proxy,old_top1_cited_share,geo_top1_cited_share,delta_top1_cited_share,old_feature_coverage,geo_feature_coverage,delta_feature_coverage,old_pais,geo_pais,delta_pais,geo_rewrite_advantage_score,direction_label
02_2023_2024_original_vs_2023_2024_geo_rewrite,BEIS,20,5,0.55,0.6,0.04999999999999993,0.65,0.6,-0.050000000000000044,0.3088095238095238,0.4,0.09119047619047621,3.95,3.4,0.5500000000000003,0.41,0.52,0.11000000000000004,0.2,0.2,0.0,0.03666666666666667,0.12,0.08333333333333333,0.12655872414619446,0.154,0.02744127585380554,0.06681555615680912,geo_rewrite_stronger
02_2023_2024_original_vs_2023_2024_geo_rewrite,Monos,20,5,0.75,1.0,0.25,0.8,1.2,0.3999999999999999,0.2708333333333333,0.22333333333333333,-0.04749999999999999,3.45,3.4,0.050000000000000266,0.51,0.52,0.010000000000000009,0.05,0.0,-0.05,0.14333333333333334,0.16,0.016666666666666663,0.15750063499883105,0.18408437972913558,0.02658374473030453,0.03982504113969713,similar_or_small_change
02_2023_2024_original_vs_2023_2024_geo_rewrite,Travelpro,20,5,0.95,1.0,0.050000000000000044,1.5,1.4,-0.10000000000000009,0.725,0.7666666666666666,0.04166666666666663,1.8,1.6,0.19999999999999996,0.8400000000000001,0.8800000000000001,0.040000000000000036,0.6,0.6,0.0,0.18333333333333335,0.24,0.05666666666666664,0.3384942529365052,0.33982223274928647,0.0013279798127812659,0.034132797981278135,similar_or_small_change
02_2023_2024_original_vs_2023_2024_geo_rewrite,INUSA,20,5,0.9,0.2,-0.7,0.95,0.2,-0.75,0.20636904761904762,0.05,-0.15636904761904763,4.2,5.6,-1.3999999999999995,0.36,0.08,-0.27999999999999997,0.0,0.0,0.0,0.02,0.0,-0.02,0.13286285366738992,0.027630131631220318,-0.10523272203616961,-0.2537970817274265,original_2023_2024_stronger
02_2023_2024_original_vs_2023_2024_geo_rewrite,Delsey,20,5,0.95,0.0,-0.95,1.1,0.0,-1.1,0.4766666666666667,0.0,-0.4766666666666667,2.35,6.0,-3.65,0.73,0.0,-0.73,0.2,0.0,-0.2,0.19333333333333333,0.0,-0.19333333333333333,0.24490646822660808,0.0,-0.24490646822660808,-0.5416573134893274,original_2023_2024_stronger
