product,current_over_old,geo_over_old,geo_over_current,product_display,brand_group,current_minus_geo_old_effect,same_direction_old_baseline
Away,0.0059980497957306,0.0248661962503463,0.1039296036473075,Away,Newer / DTC,-0.018868146454615698,True
July,0.0459898727215944,0.0550011062420949,0.0085493661276045,July,Newer / DTC,-0.009011233520500497,True
BR,0.0611255466784838,0.0647469667420037,-0.0408198754270891,Briggs & Riley,Legacy / premium,-0.003621420063519898,True
Century,0.0281597465812516,0.0027066594283879,-0.0857253082095958,Hartmann Century,Legacy / premium,0.0254530871528637,True
Rimowa,-0.0782265628004361,-0.0143918583152359,0.0680703633840764,RIMOWA,Legacy / premium,-0.0638347044852002,True
