metric_source,product,n_question_contexts,question_ids,n_geo_source_files,n_current_source_files,prompt_sets,citation_rate,mean_ref_count,total_ref_count,mean_first_citation_score,mean_recommendation_rank_proxy,mean_rank_score_proxy,top1_cited_share,mean_feature_count,mean_feature_coverage,mean_tfidf_product_answer_similarity,mean_bigram_overlap_product_answer,mean_pais_product_answer_influence_score
baseline_all_current_2026_matched_questions,Away,20,"1,2,3,4,5,6,7,8,9,10,11,12,13,14,15,16,17,18,19,20",4,4,1-5;6-10;11-15;16-20,0.85,1.5,30.0,0.5241666666666667,2.7,0.6599999999999999,0.35,4.15,0.21842105263157893,0.06837301595267022,0.0752953354210678,0.2943197806966767
baseline_all_current_2026_matched_questions,BR,20,"1,2,3,4,5,6,7,8,9,10,11,12,13,14,15,16,17,18,19,20",4,4,1-5;6-10;11-15;16-20,0.9,1.8,36.0,0.4925,2.65,0.67,0.3,4.2,0.22105263157894733,0.05330829513388883,0.1533145481560961,0.322202700899315
baseline_all_current_2026_matched_questions,Century,20,"1,2,3,4,5,6,7,8,9,10,11,12,13,14,15,16,17,18,19,20",4,4,1-5;6-10;11-15;16-20,0.8,1.4,28.0,0.24345238095238092,4.0,0.4,0.05,3.6,0.1894736842105263,0.040336243752843996,0.028388017875581577,0.21557733113115418
baseline_all_current_2026_matched_questions,July,20,"1,2,3,4,5,6,7,8,9,10,11,12,13,14,15,16,17,18,19,20",4,4,1-5;6-10;11-15;16-20,0.9,1.5,30.0,0.48250000000000004,2.45,0.7100000000000001,0.25,4.1,0.21578947368421053,0.05980843241939682,0.05065367346270481,0.28005096557346054
baseline_all_current_2026_matched_questions,Rimowa,15,"6,7,8,9,10,11,12,13,14,15,16,17,18,19,20",3,3,6-10;11-15;16-20,0.8,1.2,18.0,0.19026455026455028,4.8,0.24000000000000002,0.06666666666666667,2.1333333333333333,0.11228070175438595,0.05537659454590265,0.0043111690569317684,0.17223104467150754
