metric_source,product,n_question_contexts,question_ids,n_geo_source_files,n_current_source_files,prompt_sets,citation_rate,mean_ref_count,total_ref_count,mean_first_citation_score,mean_recommendation_rank_proxy,mean_rank_score_proxy,top1_cited_share,mean_feature_count,mean_feature_coverage,mean_tfidf_product_answer_similarity,mean_bigram_overlap_product_answer,mean_pais_product_answer_influence_score
one_product_geo_rewrite_matched_questions,Away,20,"1,2,3,4,5,6,7,8,9,10,11,12,13,14,15,16,17,18,19,20",4,4,1-5;6-10;11-15;16-20,0.9,1.25,25,0.6641666666666667,2.05,0.79,0.5,5.65,0.29736842105263156,0.07186164267373336,0.09214957335617731,0.3246684487486996
one_product_geo_rewrite_matched_questions,BR,20,"1,2,3,4,5,6,7,8,9,10,11,12,13,14,15,16,17,18,19,20",4,4,1-5;6-10;11-15;16-20,0.85,1.35,27,0.44333333333333336,2.85,0.63,0.25,4.65,0.24473684210526314,0.04818640582322102,0.08156724344273669,0.2636530694354407
one_product_geo_rewrite_matched_questions,Century,20,"1,2,3,4,5,6,7,8,9,10,11,12,13,14,15,16,17,18,19,20",4,4,1-5;6-10;11-15;16-20,0.55,0.9,18,0.20734126984126983,4.45,0.31,0.1,2.25,0.11842105263157894,0.03629273535938983,0.027920608466118185,0.15159910283636546
one_product_geo_rewrite_matched_questions,July,20,"1,2,3,4,5,6,7,8,9,10,11,12,13,14,15,16,17,18,19,20",4,4,1-5;6-10;11-15;16-20,0.9,1.25,25,0.49083333333333334,2.4,0.72,0.3,3.8,0.2,0.06253923582392883,0.06550835579287381,0.26466743386705016
one_product_geo_rewrite_matched_questions,Rimowa,15,"6,7,8,9,10,11,12,13,14,15,16,17,18,19,20",3,3,6-10;11-15;16-20,0.8,0.9333333333333333,14,0.2739682539682539,4.066666666666666,0.38666666666666666,0.13333333333333333,3.0,0.15789473684210525,0.039525541404625726,0.00794056753136037,0.17324656935047886
