comparison,product,baseline_n_question_contexts,current_n_question_contexts,baseline_citation_rate,current_citation_rate,delta_citation_rate,baseline_mean_ref_count,current_mean_ref_count,delta_mean_ref_count,baseline_first_citation_score,current_first_citation_score,delta_first_citation_score,baseline_mean_recommendation_rank_proxy,current_mean_recommendation_rank_proxy,rank_improvement_current_minus_baseline,baseline_rank_score_proxy,current_rank_score_proxy,delta_rank_score_proxy,baseline_top1_cited_share,current_top1_cited_share,delta_top1_cited_share,baseline_feature_coverage,current_feature_coverage,delta_feature_coverage,baseline_pais,current_pais,delta_pais,current_page_advantage_score,direction_label
01_2023_2024_original_vs_2026_current,Monos,5,5,0.6,0.8,0.20000000000000007,0.8,0.8,0.0,0.15,0.36666666666666664,0.21666666666666665,4.0,3.0,1.0,0.4,0.6,0.19999999999999996,0.0,0.2,0.2,0.09333333333333334,0.05333333333333333,-0.04000000000000001,0.12411047885696344,0.16228934351319863,0.038178864656235184,0.16315121979895686,current_2026_stronger
01_2023_2024_original_vs_2026_current,BEIS,5,5,0.4,0.8,0.4,0.6,1.0,0.4,0.26666666666666666,0.33333333333333337,0.06666666666666671,4.2,3.6,0.6000000000000001,0.36,0.48,0.12,0.2,0.2,0.0,0.026666666666666665,0.05333333333333333,0.026666666666666665,0.11477947816279724,0.17344603485637747,0.05866655669358023,0.13186665566935804,current_2026_stronger
01_2023_2024_original_vs_2026_current,INUSA,5,5,0.2,0.2,0.0,0.2,0.2,0.0,0.03333333333333333,0.05,0.01666666666666667,5.4,5.6,-0.1999999999999993,0.12,0.08,-0.039999999999999994,0.0,0.0,0.0,0.0,0.0,0.0,0.025798782991104663,0.02706815980663329,0.0012693768155286264,-0.006539728985113802,similar_or_small_change
01_2023_2024_original_vs_2026_current,Travelpro,5,5,0.8,0.8,0.0,1.6,1.2,-0.40000000000000013,0.6666666666666666,0.6666666666666666,0.0,2.2,2.4,-0.19999999999999973,0.76,0.72,-0.040000000000000036,0.6,0.6,0.0,0.13333333333333333,0.13333333333333336,2.7755575615628914e-17,0.3268050372273985,0.2907754134282524,-0.03602962379914609,-0.013602962379914615,similar_or_small_change
01_2023_2024_original_vs_2026_current,Delsey,5,5,0.8,0.8,0.0,1.0,0.8,-0.19999999999999996,0.3833333333333333,0.25,-0.1333333333333333,2.8,3.2,-0.40000000000000036,0.64,0.5599999999999999,-0.08000000000000007,0.2,0.0,-0.2,0.18666666666666668,0.18666666666666668,0.0,0.21443733915725116,0.16195392040018758,-0.05248341875706358,-0.08191500854237303,baseline_2023_2024_stronger
