metric_source,product,n_question_contexts,question_ids,n_geo_source_files,n_baseline_source_files,prompt_sets,citation_rate,mean_ref_count,total_ref_count,mean_first_citation_score,mean_recommendation_rank_proxy,mean_rank_score_proxy,top1_cited_share,mean_feature_count,mean_feature_coverage,mean_tfidf_product_answer_similarity,mean_bigram_overlap_product_answer,mean_pais_product_answer_influence_score
baseline_all_original_matched_questions,Away,20,"1,2,3,4,5,6,7,8,9,10,11,12,13,14,15,16,17,18,19,20",4,4,1-5;6-10;11-15;16-20,0.9,1.35,27.0,0.5833333333333333,2.4,0.72,0.45,5.3,0.2789473684210526,0.04699143717775581,0.059468593165547465,0.3032747167612605
baseline_all_original_matched_questions,BR,20,"1,2,3,4,5,6,7,8,9,10,11,12,13,14,15,16,17,18,19,20",4,4,1-5;6-10;11-15;16-20,0.85,1.45,29.0,0.3867857142857143,3.05,0.5900000000000001,0.2,5.15,0.2710526315789473,0.0559607811957911,0.17369208845554737,0.28131363868042264
baseline_all_original_matched_questions,Century,20,"1,2,3,4,5,6,7,8,9,10,11,12,13,14,15,16,17,18,19,20",4,4,1-5;6-10;11-15;16-20,0.75,1.15,23.0,0.22787878787878788,4.2,0.36,0.05,4.15,0.21842105263157893,0.04114368411876847,0.044792529675993675,0.20004091771055946
baseline_all_original_matched_questions,July,20,"1,2,3,4,5,6,7,8,9,10,11,12,13,14,15,16,17,18,19,20",4,4,1-5;6-10;11-15;16-20,0.9,1.55,31.0,0.4458333333333333,2.65,0.67,0.2,4.35,0.22894736842105262,0.07316040499209299,0.05177487721018252,0.2865211195974898
baseline_all_original_matched_questions,Rimowa,20,"1,2,3,4,5,6,7,8,9,10,11,12,13,14,15,16,17,18,19,20",4,4,1-5;6-10;11-15;16-20,0.75,1.05,21.0,0.2329761904761905,4.25,0.35,0.1,3.4,0.17894736842105263,0.03724949626338991,0.011804930525449394,0.17910535061094401
