metric_source,product,n_question_contexts,question_ids,n_geo_source_files,n_baseline_source_files,prompt_sets,citation_rate,mean_ref_count,total_ref_count,mean_first_citation_score,mean_recommendation_rank_proxy,mean_rank_score_proxy,top1_cited_share,mean_feature_count,mean_feature_coverage,mean_tfidf_product_answer_similarity,mean_bigram_overlap_product_answer,mean_pais_product_answer_influence_score
one_product_geo_focal_matched_questions,Away,20,"1,2,3,4,5,6,7,8,9,10,11,12,13,14,15,16,17,18,19,20",4,4,1-5;6-10;11-15;16-20,0.9,1.3,26,0.6375,2.25,0.75,0.5,5.0,0.2631578947368421,0.05473083539540623,0.06654493503878856,0.3093928196156013
one_product_geo_focal_matched_questions,BR,20,"1,2,3,4,5,6,7,8,9,10,11,12,13,14,15,16,17,18,19,20",4,4,1-5;6-10;11-15;16-20,0.9,1.4,28,0.5125,2.65,0.67,0.3,3.85,0.2026315789473684,0.04738347949799528,0.17737405965152347,0.29577578730346793
one_product_geo_focal_matched_questions,Century,20,"1,2,3,4,5,6,7,8,9,10,11,12,13,14,15,16,17,18,19,20",4,4,1-5;6-10;11-15;16-20,0.75,1.05,21,0.24436507936507934,4.2,0.36,0.1,2.9,0.1526315789473684,0.061913983909854475,0.03761516174404138,0.18492440270606667
one_product_geo_focal_matched_questions,July,20,"1,2,3,4,5,6,7,8,9,10,11,12,13,14,15,16,17,18,19,20",4,4,1-5;6-10;11-15;16-20,0.9,1.2,24,0.5391666666666667,2.3,0.74,0.35,3.9,0.20526315789473681,0.07378628096564763,0.06604336515119155,0.27354972587808896
one_product_geo_focal_matched_questions,Rimowa,20,"1,2,3,4,5,6,7,8,9,10,11,12,13,14,15,16,17,18,19,20",4,4,1-5;6-10;11-15;16-20,0.7,0.9,18,0.2480952380952381,4.3,0.33999999999999997,0.1,2.8,0.14736842105263157,0.02998002699009939,0.009592549075447002,0.16152761958891088
