comparison,product,baseline_n_question_contexts,geo_n_question_contexts,baseline_citation_rate,geo_citation_rate,delta_citation_rate,baseline_mean_ref_count,geo_mean_ref_count,delta_mean_ref_count,baseline_first_citation_score,geo_first_citation_score,delta_first_citation_score,baseline_mean_recommendation_rank_proxy,geo_mean_recommendation_rank_proxy,rank_improvement_geo_minus_baseline,baseline_rank_score_proxy,geo_rank_score_proxy,delta_rank_score_proxy,baseline_top1_cited_share,geo_top1_cited_share,delta_top1_cited_share,baseline_feature_coverage,geo_feature_coverage,delta_feature_coverage,baseline_pais,geo_pais,delta_pais,geo_rewrite_advantage_score,direction_label
02_2023_2024_original_vs_2023_2024_geo_rewrite,Monos,5,5,0.6,1.0,0.4,0.8,1.2,0.3999999999999999,0.15,0.22333333333333333,0.07333333333333333,4.0,3.4,0.6000000000000001,0.4,0.52,0.12,0.0,0.0,0.0,0.09333333333333334,0.16,0.06666666666666667,0.12411047885696344,0.18408437972913558,0.05997390087217214,0.13733072342055055,geo_rewrite_stronger
02_2023_2024_original_vs_2023_2024_geo_rewrite,BEIS,5,5,0.4,0.6,0.19999999999999996,0.6,0.6,0.0,0.26666666666666666,0.4,0.13333333333333336,4.2,3.4,0.8000000000000003,0.36,0.52,0.16000000000000003,0.2,0.2,0.0,0.026666666666666665,0.12,0.09333333333333332,0.11477947816279724,0.15981309494159582,0.04503361677879858,0.12050336167787987,geo_rewrite_stronger
02_2023_2024_original_vs_2023_2024_geo_rewrite,Travelpro,5,5,0.8,1.0,0.19999999999999996,1.6,1.4,-0.20000000000000018,0.6666666666666666,0.7666666666666666,0.09999999999999998,2.2,1.6,0.6000000000000001,0.76,0.8800000000000001,0.1200000000000001,0.6,0.6,0.0,0.13333333333333333,0.24,0.10666666666666666,0.3268050372273985,0.33982223274928647,0.013017195521887959,0.1019683862188555,geo_rewrite_stronger
02_2023_2024_original_vs_2023_2024_geo_rewrite,INUSA,5,5,0.2,0.2,0.0,0.2,0.2,0.0,0.03333333333333333,0.05,0.01666666666666667,5.4,5.6,-0.1999999999999993,0.12,0.08,-0.039999999999999994,0.0,0.0,0.0,0.0,0.0,0.0,0.025798782991104663,0.027630131631220318,0.001831348640115655,-0.006483531802655099,similar_or_small_change
02_2023_2024_original_vs_2023_2024_geo_rewrite,Delsey,5,5,0.8,0.0,-0.8,1.0,0.0,-1.0,0.3833333333333333,0.0,-0.3833333333333333,2.8,6.0,-3.2,0.64,0.0,-0.64,0.2,0.0,-0.2,0.18666666666666668,0.0,-0.18666666666666668,0.21443733915725116,0.0,-0.21443733915725116,-0.46677706724905854,baseline_2023_2024_stronger
