metric_source,product,n_question_contexts,question_ids,n_geo_source_files,n_current_source_files,prompt_sets,citation_rate,mean_ref_count,total_ref_count,mean_first_citation_score,mean_recommendation_rank_proxy,mean_rank_score_proxy,top1_cited_share,mean_feature_count,mean_feature_coverage,mean_tfidf_product_answer_similarity,mean_bigram_overlap_product_answer,mean_pais_product_answer_influence_score
one_product_geo_rewrite_matched_questions,BEIS,20,"1,2,3,4,5,6,7,8,9,10,11,12,13,14,15,16,17,18,19,20",4,4,1-5;6-10;11-15;16-20,0.8,0.95,19,0.31166666666666665,3.45,0.51,0.05,3.85,0.2026315789473684,0.023243563139286195,0.024823378238224315,0.19039853515306457
one_product_geo_rewrite_matched_questions,Delsey,20,"1,2,3,4,5,6,7,8,9,10,11,12,13,14,15,16,17,18,19,20",4,4,1-5;6-10;11-15;16-20,0.95,1.3,26,0.28714285714285714,3.15,0.5700000000000001,0.05,3.5,0.18421052631578946,0.07089861386834533,0.07012873956940727,0.22730304373414284
one_product_geo_rewrite_matched_questions,INUSA,20,"1,2,3,4,5,6,7,8,9,10,11,12,13,14,15,16,17,18,19,20",4,4,1-5;6-10;11-15;16-20,0.65,1.2,24,0.14692460317460315,5.0,0.2,0.05,2.95,0.15526315789473683,0.03234397644050173,0.057390685078645975,0.17551495026376523
one_product_geo_rewrite_matched_questions,Monos,20,"1,2,3,4,5,6,7,8,9,10,11,12,13,14,15,16,17,18,19,20",4,4,1-5;6-10;11-15;16-20,0.75,0.85,17,0.2891666666666667,4.15,0.37,0.15,1.7,0.0894736842105263,0.0412789260734248,0.017010282735479228,0.15736873113377875
one_product_geo_rewrite_matched_questions,Travelpro,20,"1,2,3,4,5,6,7,8,9,10,11,12,13,14,15,16,17,18,19,20",4,4,1-5;6-10;11-15;16-20,0.95,1.7,34,0.5516666666666666,2.4,0.72,0.35,4.5,0.23684210526315788,0.065396871714277,0.10072180350003763,0.32755606592049263
