metric_source,product,n_question_contexts,question_ids,n_current_source_files,n_baseline_source_files,prompt_sets,citation_rate,mean_ref_count,total_ref_count,mean_first_citation_score,mean_recommendation_rank_proxy,mean_rank_score_proxy,top1_cited_share,mean_feature_count,mean_feature_coverage,mean_tfidf_product_answer_similarity,mean_bigram_overlap_product_answer,mean_pais_product_answer_influence_score
one_product_current_focal_matched_questions,BEIS,20,"1,2,3,4,5,6,7,8,9,10,11,12,13,14,15,16,17,18,19,20",4,4,1-5;6-10;11-15;16-20,0.85,1.25,25,0.44333333333333336,3.0,0.6,0.3,3.35,0.1763157894736842,0.03513114779690562,0.04957198108295083,0.24255851794989391
one_product_current_focal_matched_questions,Delsey,20,"1,2,3,4,5,6,7,8,9,10,11,12,13,14,15,16,17,18,19,20",4,4,1-5;6-10;11-15;16-20,0.85,1.25,25,0.29714285714285715,3.2,0.5599999999999999,0.1,3.75,0.19736842105263158,0.040534493707911595,0.027862931066651324,0.21118859404067777
one_product_current_focal_matched_questions,INUSA,20,"1,2,3,4,5,6,7,8,9,10,11,12,13,14,15,16,17,18,19,20",4,4,1-5;6-10;11-15;16-20,0.65,0.8,16,0.19589285714285715,4.4,0.32,0.05,2.5,0.13157894736842105,0.024323515335358488,0.018646211466436184,0.13982266235595944
one_product_current_focal_matched_questions,Monos,20,"1,2,3,4,5,6,7,8,9,10,11,12,13,14,15,16,17,18,19,20",4,4,1-5;6-10;11-15;16-20,0.85,1.25,25,0.5046428571428572,2.7,0.6599999999999999,0.35,3.8,0.19999999999999998,0.046023272999256,0.057224751792111395,0.262883605463906
one_product_current_focal_matched_questions,Travelpro,20,"1,2,3,4,5,6,7,8,9,10,11,12,13,14,15,16,17,18,19,20",4,4,1-5;6-10;11-15;16-20,0.9,2.0,40,0.7833333333333333,1.75,0.85,0.7,5.55,0.29210526315789476,0.09468342655225173,0.14016132883980956,0.40504860393466735
