metric_source,product,n_question_contexts,question_ids,n_geo_source_files,n_baseline_source_files,prompt_sets,citation_rate,mean_ref_count,total_ref_count,mean_first_citation_score,mean_recommendation_rank_proxy,mean_rank_score_proxy,top1_cited_share,mean_feature_count,mean_feature_coverage,mean_tfidf_product_answer_similarity,mean_bigram_overlap_product_answer,mean_pais_product_answer_influence_score
baseline_all_original_matched_questions,BEIS,20,"1,2,3,4,5,6,7,8,9,10,11,12,13,14,15,16,17,18,19,20",4,4,1-5;6-10;11-15;16-20,0.7,1.15,23.0,0.3625,3.3,0.54,0.2,3.6,0.1894736842105263,0.027448502969185967,0.02469055056320735,0.21542135335375692
baseline_all_original_matched_questions,Delsey,20,"1,2,3,4,5,6,7,8,9,10,11,12,13,14,15,16,17,18,19,20",4,4,1-5;6-10;11-15;16-20,0.95,1.5,30.0,0.3838888888888889,2.7,0.6599999999999999,0.15,4.4,0.23157894736842102,0.058741092165035626,0.05848086691307332,0.2686139157214301
baseline_all_original_matched_questions,INUSA,20,"1,2,3,4,5,6,7,8,9,10,11,12,13,14,15,16,17,18,19,20",4,4,1-5;6-10;11-15;16-20,0.65,1.05,21.0,0.1630952380952381,4.7,0.26,0.05,2.65,0.1394736842105263,0.026306820697395046,0.016567034021226473,0.15576020370381588
baseline_all_original_matched_questions,Monos,20,"1,2,3,4,5,6,7,8,9,10,11,12,13,14,15,16,17,18,19,20",4,4,1-5;6-10;11-15;16-20,0.75,1.05,21.0,0.1975595238095238,4.2,0.36,0.05,3.35,0.1763157894736842,0.034622107438229896,0.01609270993343574,0.17161339063430295
baseline_all_original_matched_questions,Travelpro,20,"1,2,3,4,5,6,7,8,9,10,11,12,13,14,15,16,17,18,19,20",4,4,1-5;6-10;11-15;16-20,0.9,1.9,38.0,0.6833333333333333,1.95,0.8099999999999999,0.55,4.2,0.22105263157894733,0.06955017419426938,0.11782834274612372,0.3582948125665619
